{
  "max": 0.3545234,
  "min": -0.43278292
}